Michele,Ox,Josh,Rios,Brendan,Blaire,Jenny,Peters,CJ,Zack,Logan,Mark,Andy,Kylie,Victor,Jessie,Dragster,Taylor,Tiffany,Randal,Julie,Willey,Walid
Jaqui,Angela,Mona,Jeffery,Angela,Bradley,Bendy,Abigail,Angela,Tod,Mona,Bendy,Bendy,Tod,Keanu,Angela,Lexi,Garret,Angela,Angela,Tod,Jaqui,Jaqui
Keanu,Abigail,Lexi,Keanu,Lexi,Jeffery,Angela,Tod,Keanu,Bendy,Garret,Angela,Bradley,Angela,Bendy,Mona,Mona,Lexi,Tod,Garret,Abigail,Angela,Tod
Angela,Keanu,Bendy,Tod,Bendy,Angela,Keanu,Lexi,Garret,Keanu,Abigail,Tod,Keanu,Bradley,Lexi,Bendy,Angela,Angela,Bendy,Tod,Lexi,Lexi,Angela
Lexi,Tod,Jeffery,Angela,Jaqui,Alexander,Garret,Garret,Tod,Lexi,Tod,Abigail,Jeffery,Lexi,Garret,Lexi,Hellen,Tod,Garret,Bendy,Angela,Tod,Bradley
Abigail,Bendy,Tod,Bendy,Tod,Bendy,Lexi,Angela,Jeffery,Angela,Angela,Keanu,Abigail,Garret,Jeffery,Tod,Bendy,Bradley,Bradley,Lexi,Mona,Bendy,Hellen
Alexander,Mona,Garret,Mona,Keanu,Keanu,Tod,Bendy,Alexander,Garret,Keanu,Lexi,Angela,Jaqui,Angela,Jaqui,Abigail,Bendy,Keanu,Abigail,Jaqui,Abigail,Jeffery
Garret,Lexi,Angela,Alexander,Abigail,Jaqui,Abigail,Keanu,Abigail,Mona,Lexi,Mona,Garret,Abigail,Jaqui,Keanu,Tod,Keanu,Jaqui,Mona,Garret,Keanu,Abigail
Mona,Bradley,Jaqui,Jaqui,Mona,Abigail,Bradley,Jeffery,Bradley,Bradley,Jaqui,Alexander,Alexander,Bendy,Tod,Garret,Jeffery,Mona,Jeffery,Jaqui,Bradley,Alexander,Lexi
Jeffery,Jaqui,Keanu,Abigail,Jeffery,Lexi,Mona,Hellen,Jaqui,Jeffery,Bendy,Bradley,Lexi,Mona,Abigail,Jeffery,Keanu,Jeffery,Lexi,Hellen,Alexander,Hellen,Mona
Bradley,Garret,Hellen,Bradley,Alexander,Garret,Alexander,Mona,Bendy,Jaqui,Alexander,Garret,Jaqui,Alexander,Mona,Abigail,Jaqui,Abigail,Alexander,Jeffery,Jeffery,Mona,Keanu
Tod,Jeffery,Bradley,Lexi,Garret,Mona,Jaqui,Alexander,Mona,Abigail,Bradley,Jeffery,Mona,Keanu,Alexander,Alexander,Garret,Jaqui,Abigail,Alexander,Hellen,Jeffery,Alexander
Bendy,Alexander,Abigail,Hellen,Bradley,Tod,Jeffery,Jaqui,Hellen,Alexander,Jeffery,Jaqui,Tod,Jeffery,Bradley,Bradley,Alexander,Alexander,Mona,Keanu,Bendy,Bradley,Bendy
Hellen,Hellen,Alexander,Garret,Hellen,Hellen,Hellen,Bradley,Lexi,Hellen,Hellen,Hellen,Hellen,Hellen,Hellen,Hellen,Bradley,Hellen,Hellen,Bradley,Keanu,Garret,Garret
