Alexander,Bendy,Abigail,Jeffery,Tod,Lexi,Mona,Angela,Keanu,Hellen,Garret,Bradley,Jaqui
CJ,Andy,Peters,Walid,Tiffany,Peters,Josh,Peters,Victor,Blaire,Taylor,Andy,Michele
Peters,Jenny,Ox,Brendan,Logan,Taylor,Ox,Blaire,Michele,Michele,Logan,Peters,Blaire
Josh,Julie,Julie,Taylor,Zack,Brendan,Brendan,Randal,Blaire,Peters,Tiffany,Victor,Jessie
Zack,Randal,Logan,Jessie,Julie,Zack,Taylor,Jessie,Zack,Walid,Randal,Blaire,Peters
Blaire,Tiffany,CJ,Josh,Peters,Randal,Walid,Taylor,Peters,Dragster,Josh,Michele,Dragster
Willey,Brendan,Jenny,CJ,,Josh,Jessie,Ox,CJ,Jessie,Rios,Zack,
Logan,Dragster,Zack,Andy,,Jessie,Jenny,Josh,Logan,Taylor,Jenny,CJ,
Victor,Jessie,Tiffany,Peters,,Logan,,Michele,,Josh,CJ,Kylie,
Randal,Peters,Taylor,,,,,Brendan,,Tiffany,,Tiffany,
Tiffany,Mark,Mark,,,,,Jenny,,Willey,,Josh,
